word,count
war,6
ai,6
rbi,4
rupee,4
indias,4
oil,4
defence,3
price,3
time,3
hit,3
content,3
l,3
bengal,3
news,3
today,3
police,3
heres,3
cuts,3
shock,3
stocks,3
global,3
world,3
using,3
phytrade,3
top,2
job,2
census,2
offshore,2
tightens,2
digest,2
actor,2
rafale,2
f,2
even,2
dhurandhar,2
govt,2
urban,2
suzuki,2
times,2
oversight,2
judicial,2
officers,2
decide,2
claims,2
completed,2
gulf,2
new,2
sc,2
take,2
april,2
full,2
live,2
updates,2
bill,2
report,2
day,2
rs,2
norms,2
jk,2
spreading,2
singapore,2
staff,2
steps,2
quick,2
jet,2
fuel,2
indigo,2
stock,2
market,2
buy,2
era,2
education,2
march,2
firms,2
tata,2
indian,2
momentum,2
tv,2
threat,2
make,2
oracles,2
deep,2
capital,2
fy,2
bank,2
inside,2
signal,2
optimization,2
hybrid,2
nutritional,2
data,2
study,2
gets,2
first,2
added,2
scientific,2
colleges,1
defy,1
gloom,1
placements,1
rise,1
salaries,1
climb,1
selfenumeration,1
president,1
murmu,1
vp,1
pm,1
modi,1
kicks,1
bans,1
banks,1
offering,1
clients,1
bets,1
rally,1
fx,1
curbs,1
traders,1
trump,1
remarks,1
expert,1
madhavans,1
knowledge,1
fighter,1
aircraft,1
like,1
years,1
surprises,1
fans,1
suggested,1
go,1
drugresistant,1
typhoid,1
drives,1
disease,1
costs,1
children,1
suffer,1
toyota,1
cruiser,1
ev,1
malaysia,1
rebadged,1
evitara,1
km,1
range,1
cbu,1
rmk,1
donkey,1
milk,1
ancient,1
superfood,1
gaining,1
modern,1
popularity,1
south,1
biz,1
lpg,1
hiked,1
rd,1
month,1
industries,1
eateries,1
expanded,1
regulatory,1
online,1
long,1
coming,1
say,1
political,1
creators,1
apr,1
supreme,1
court,1
exempts,1
chemicals,1
import,1
duty,1
economic,1
nepals,1
business,1
snap,1
batters,1
glass,1
heartland,1
testing,1
delhis,1
manufacturing,1
drive,1
iran,1
disrupts,1
supplies,1
affect,1
access,1
medicines,1
reserving,1
verdicts,1
judges,1
delhi,1
weather,1
imd,1
issues,1
yellow,1
alert,1
weekend,1
warns,1
rain,1
thunderstorms,1
lightning,1
check,1
forecast,1
breaking,1
amit,1
shah,1
move,1
central,1
armed,1
forces,1
general,1
administration,1
lok,1
sabha,1
wto,1
wobbly,1
dont,1
dismiss,1
potential,1
plurilateral,1
pacts,1
among,1
willing,1
nations,1
boxoffice,1
ranveer,1
singhs,1
film,1
approaches,1
crore,1
crosses,1
prequels,1
collection,1
forex,1
derivatives,1
steady,1
amid,1
volatility,1
despite,1
revamp,1
amc,1
beijing,1
embassy,1
uninhabitable,1
cag,1
mizoram,1
leads,1
northeast,1
digital,1
rollout,1
nc,1
member,1
brings,1
land,1
grants,1
house,1
opposition,1
hurls,1
gulmarg,1
hotel,1
taunt,1
cm,1
bought,1
flat,1
parking,1
small,1
far,1
away,1
homebuyer,1
filed,1
case,1
lost,1
rera,1
doc,1
wife,1
chargesheeted,1
uapa,1
secessionist,1
social,1
media,1
airlines,1
direct,1
rtn,1
ex,1
per,1
drw,1
bne,1
mel,1
syd,1
cns,1
btf,1
oracle,1
jitters,1
stall,1
fintech,1
ipos,1
presidents,1
colour,1
conferred,1
meghalaya,1
exemplary,1
service,1
doubles,1
curbing,1
speculation,1
initial,1
fall,1
short,1
mint,1
edit,1
iocs,1
flipflop,1
airfares,1
deserve,1
protection,1
watch,1
thursday,1
wipro,1
lupin,1
glenmark,1
agi,1
infra,1
aavas,1
financier,1
sail,1
four,1
astronauts,1
begin,1
journey,1
marking,1
space,1
travel,1
premarket,1
action,1
trade,1
setup,1
todays,1
session,1
monthly,1
buzz,1
consulting,1
audit,1
hiring,1
freeze,1
loom,1
power,1
maruti,1
adani,1
green,1
collapse,1
reverses,1
incs,1
capex,1
trai,1
loses,1
ratings,1
takes,1
control,1
mahindras,1
spot,1
motors,1
gathers,1
regulator,1
may,1
pharma,1
inspections,1
public,1
scrutiny,1
bulls,1
stage,1
markets,1
hope,1
curtains,1
pivot,1
lays,1
workforce,1
sahi,1
eyes,1
million,1
accel,1
growth,1
bessemer,1
others,1
ecommerce,1
commerce,1
chasing,1
ad,1
spends,1
profitability,1
focus,1
budget,1
head,1
fully,1
utilised,1
standard,1
chartered,1
holds,1
line,1
turmoil,1
tests,1
deal,1
flow,1
flying,1
abroad,1
summer,1
get,1
ready,1
need,1
rate,1
hike,1
unless,1
inflation,1
spikes,1
economists,1
cicada,1
covid,1
variant,1
symptoms,1
different,1
variants,1
newsletter,1
worst,1
might,1
equities,1
minister,1
inks,1
contract,1
cr,1
mountain,1
radars,1
psu,1
bel,1
iaf,1
layoffs,1
deepening,1
software,1
employees,1
soar,1
redirect,1
outlook,1
geopolitical,1
pressure,1
disruption,1
set,1
reshape,1
inc,1
rupees,1
depreciation,1
neither,1
unusual,1
indicative,1
great,1
stress,1
amnesty,1
international,1
defends,1
us,1
regimechange,1
ngos,1
venezuela,1
nicaragua,1
cuba,1
geopolitics,1
third,1
multiobjective,1
technoeconomic,1
environmental,1
hydrogenbased,1
renewable,1
energy,1
system,1
osprey,1
algorithm,1
bioinspired,1
model,1
predicting,1
air,1
pollution,1
learning,1
michael,1
bernstam,1
plunging,1
russian,1
prices,1
impact,1
sanctions,1
association,1
platelet,1
count,1
mortality,1
communityacquired,1
pneumonia,1
patients,1
receiving,1
systemic,1
glucocorticoids,1
therapy,1
egyptian,1
clover,1
exhibits,1
favorable,1
physicochemical,1
characteristics,1
valorization,1
sustainable,1
forage,1
ingredient,1
poultry,1
diets,1
opportunities,1
pitfalls,1
contextualization,1
neuroimaging,1
associated,1
factors,1
nutrient,1
intake,1
status,1
hiv,1
positive,1
breastfeeding,1
mothers,1
apac,1
district,1
crosssectional,1
navy,1
malwan,1
antisub,1
warfare,1
ship,1
nextgen,1
patrol,1
vessel,1
restricts,1
imports,1
gold,1
silver,1
platinum,1
jewellery,1
curb,1
fta,1
misuse,1
lakh,1
says,1
taboo,1
tom,1
hardys,1
best,1
historical,1
crime,1
thriller,1
lead,1
survivalists,1
odds,1
n,1
sods,1
tecno,1
pova,1
curve,1
handson,1
blind,1
artist,1
run,1
marathon,1
glasses,1
app,1
bitcoin,1
exchange,1
inflows,1
flash,1
rare,1
large,1
deposits,1
return,1
cyclodextrinfunctionalized,1
acetylene,1
black,1
nanocomposite,1
electrode,1
enhanced,1
hostguest,1
enrichment,1
ultralowlevel,1
detection,1
niclosamide,1
hits,1
russia,1
reset,1
button,1
flows,1
nearrecord,1
levels,1
table,1
wordcamp,1
asia,1
mumbai,1
pypi,1
remembrance,1
former,1
colleagues,1
praise,1
barry,1
blooms,1
achievements,1
health,1
contributions,1
good,1
humor,1
base,1
carbon,1
annual,1
letter,1
shareholders,1
rewriting,1
rules,1
language,1
following,1
pakistans,1
ports,1
capitalize,1
shipping,1
disruptions,1
west,1
ceos,1
office,1
kolkatas,1
strand,1
road,1
bound,1
protesters,1
crown,1
affair,1
u,1
beautys,1
chic,1
onthego,1
duo,1
launch,1
party,1
gw,1
renewables,1
means,1
aww,1
shucks,1
strange,1
things,1
people,1
believed,1
facts,1
commentary,1
gas,1
shortage,1
dal,1
compete,1
man,1
yr,1
ri,1
raping,1
deaf,1
mute,1
woman,1
end,1
axis,1
credit,1
cards,1
nix,1
accor,1
marriott,1
qatar,1
airways,1
transfer,1
partner,1
list,1
immediate,1
effect,1
whos,1
running,1
la,1
mayor,1
meet,1
candidates,1
dna,1
casts,1
doubt,1
shroud,1
turins,1
true,1
origin,1
one,1
passenger,1
tried,1
open,1
emergency,1
exit,1
inflight,1
got,1
caught,1
smoking,1
near,1
fought,1
airport,1
multiple,1
flights,1
bargain,1
avocados,1
high,1
demand,1
growers,1
pay,1
